repo_name,depth,timelag,complexity,nloc
https://github.com/okonet/lint-staged,10,8,3.5,746.0
https://github.com/rollup/rollup-plugin-commonjs,8,186,6.8,743.0
https://github.com/oliviertassinari/babel-plugin-transform-react-remove-prop-types,9,5,10.0,614.0
https://github.com/hapijs/code,6,357,3.3,342.0
https://github.com/node-js-libs/cli,3,716,5.2,911.0
https://github.com/rollup/rollup-plugin-babel,9,5,6.4,211.0
https://github.com/webpack-contrib/eslint-loader,11,3,6.2,189.0
https://github.com/airbnb/enzyme,11,217,3.4,3130.0
https://github.com/adriantoine/enzyme-to-json,11,9,4.5,235.0
https://github.com/domenic/sinon-chai,8,235,1.9,121.0
https://github.com/gulp-community/gulp-coffee,5,486,3.0,42.0
https://github.com/sindresorhus/grunt-shell,10,977,9.0,172.0
https://github.com/gtramontina/ghooks,13,2,1.7,140.0
https://github.com/survivejs/webpack-merge,12,26,7.3,294.0
https://github.com/expressjs/serve-favicon,6,84,2.6,111.0
https://github.com/zloirock/core-js,11,6,3.1,13126.0
https://github.com/jquery/jquery,8,57,3.3,30345.0
https://github.com/gruntjs/grunt-contrib-watch,11,137,2.9,558.0
https://github.com/jasmine/jasmine,8,225,1.4,25459.0
https://github.com/pvorb/node-md5,10,33,2.2,148.0
https://github.com/expressjs/body-parser,6,357,3.8,585.0
https://github.com/substack/minimist,6,561,4.6,203.0
https://github.com/ashtuchkin/iconv-lite,4,467,3.7,2447.0
https://github.com/karma-runner/karma-mocha,11,230,2.6,359.0
https://github.com/nodesecurity/gulp-nsp,12,48,4.2,95.0
https://github.com/systemjs/systemjs,9,1,2.8,4977.0
https://github.com/log4js-node/log4js-node,8,60,2.1,2382.0
https://github.com/sindresorhus/query-string,9,3,5.9,199.0
https://github.com/sindresorhus/grunt-eslint,10,683,7.0,92.0
https://github.com/shama/webpack-stream,9,75,3.5,256.0
https://github.com/shama/gulp-webpack,9,75,3.5,256.0
https://github.com/axios/axios,9,15,2.4,2630.0
https://github.com/rvagg/through2,9,49,1.9,61.0
https://github.com/sindresorhus/del,9,15,3.0,52.0
https://github.com/sinonjs/lolex,9,58,3.6,1472.0
https://github.com/shelljs/shelljs,11,249,4.5,2322.0
https://github.com/gruntjs/grunt-contrib-clean,12,327,1.7,95.0
https://github.com/terinjokes/gulp-uglify,5,15,2.4,128.0
https://github.com/pillarjs/path-to-regexp,8,5,6.7,208.0
https://github.com/SBoudrias/Inquirer.js,10,4,1.8,3010.0
https://github.com/gulpjs/gulp,9,7,4.5,42.0
https://github.com/plasticine/inject-loader,9,93,1.5,412.0
https://github.com/conventional-changelog/conventional-changelog,11,12,3.2,2855.0
https://github.com/eslint/eslint,11,18,4.2,37826.0
https://github.com/avevlad/gulp-connect,10,31,1.0,63.0
https://github.com/less/less.js,10,9,3.4,21892.0
https://github.com/jquery/esprima,11,105,2.4,497.0
https://github.com/wbuchwalter/tslint-loader,9,103,3.3,130.0
https://github.com/goldhand/sw-precache-webpack-plugin,11,387,1.4,318.0
https://github.com/codeclimate/javascript-test-reporter,4,155,2.5,355.0
https://github.com/jprichardson/node-jsonfile,7,1037,5.5,110.0
https://github.com/babel/babel-loader,8,6,5.2,339.0
https://github.com/rollup/rollup-plugin-node-resolve,9,8,19.0,243.0
https://github.com/isaacs/node-graceful-fs,10,579,2.4,581.0
https://github.com/conventional-changelog/validate-commit-msg,12,466,4.9,252.0
https://github.com/mochajs/mocha,9,12,2.2,6125.0
https://github.com/chaijs/chai,9,108,2.8,6276.0
https://github.com/expressjs/express,8,83,2.4,3049.0
https://github.com/lodash/lodash,8,12,4.1,5180.0
https://github.com/benmosher/eslint-plugin-import,11,16,3.4,4970.0
https://github.com/babel/babel-preset-env,11,5,3.8,992.0
https://github.com/ant-design/babel-plugin-import,11,7,1.8,312.0
https://github.com/isaacs/rimraf,10,269,4.2,328.0
https://github.com/tj/commander.js,7,138,3.2,599.0
https://github.com/chalk/chalk,9,15,5.4,318.0
https://github.com/paulmillr/es6-shim,7,101,3.0,17937.0
https://github.com/request/request-promise-native,10,107,1.0,114.0
https://github.com/request/request,9,76,4.7,2338.0
https://github.com/gotwarlost/istanbul,10,501,2.4,5283.0
https://github.com/jmcriffey/babel-istanbul,10,501,2.3,5321.0
https://github.com/webpack-contrib/file-loader,9,2,9.0,54.0
https://github.com/nickmerwin/node-coveralls,9,261,3.1,633.0
https://github.com/webpack/webpack-dev-server,10,113,5.6,9078.0
https://github.com/yannickcr/eslint-plugin-react,5,43,4.5,10908.0
https://github.com/aredridel/node-bin-gen,5,179,4.5,180.0
https://github.com/istanbuljs/nyc,9,25,2.7,1449.0
https://github.com/kentcdodds/cross-env,13,533,3.3,495.0
https://github.com/substack/tape,9,260,1.7,585.0
https://github.com/gruntjs/grunt,10,65,2.5,1331.0
https://github.com/jprichardson/node-fs-extra,7,55,3.4,7455.0
https://github.com/shouldjs/should.js,12,144,2.3,3789.0
https://github.com/caolan/async,9,17,2.7,5471.0
https://github.com/prettier/prettier,9,34,7.2,25589.0
https://github.com/evcohen/eslint-plugin-jsx-a11y,11,2,2.5,9866.0
https://github.com/jantimon/html-webpack-plugin,11,2,2.7,5720.0
https://github.com/moment/moment,9,240,3.7,52479.0
https://github.com/webpack-contrib/style-loader,9,6,3.8,603.0
https://github.com/karma-runner/karma,9,277,2.7,5070.0
https://github.com/browserify/browserify,10,233,2.7,1168.0
https://github.com/sass/node-sass,6,194,3.3,31159.0
https://github.com/jakubpawlowicz/clean-css,5,194,5.0,9368.0
https://github.com/facebook/prop-types,8,59,1.8,4177.0
https://github.com/webpack-contrib/url-loader,9,2,6.5,66.0
https://github.com/karma-runner/karma-chrome-launcher,9,225,1.9,363.0
https://github.com/webpack-contrib/imports-loader,11,408,4.3,54.0
https://github.com/jashkenas/underscore,10,54,3.1,1301.0
https://github.com/visionmedia/debug,9,3,3.4,510.0
https://github.com/rstacruz/jsdom-global,7,104,2.2,217.0
https://github.com/karma-runner/karma-safari-launcher,4,233,1.0,28.0
https://github.com/substack/node-mkdirp,10,617,4.0,108.0
https://github.com/typicode/husky,12,186,1.3,82.0
https://github.com/archiverjs/node-archiver,5,381,2.7,920.0
https://github.com/flipxfx/download-git-repo,6,415,4.3,96.0
https://github.com/rwjblue/ember-cli-content-security-policy,11,48,2.7,317.0
https://github.com/nodejitsu/node-http-proxy,10,7,2.2,1174.0
https://github.com/ember-cli/eslint-plugin-ember,11,26,2.7,3294.0
https://github.com/grncdr/merge-stream,4,72,1.6,30.0
https://github.com/buzinas/tslint-eslint-rules,10,13,1.3,123.0
https://github.com/bruce/node-temp,4,16,2.6,279.0
https://github.com/substack/faucet,2,407,2.6,179.0
https://github.com/TrySound/rollup-plugin-terser,9,312,8.0,60.0
https://github.com/medikoo/cli-color,5,159,1.8,571.0
https://github.com/maxdavidson/rollup-plugin-sourcemaps,9,40,5.0,49.0
https://github.com/substack/node-deep-equal,3,1385,5.9,105.0
https://github.com/nightwatchjs/nightwatch,7,30,1.9,9663.0
https://github.com/vohof/gulp-livereload,4,193,1.5,170.0
https://github.com/lorenwest/node-config,5,16,4.5,857.0
https://github.com/indutny/node-ip,10,1094,4.2,306.0
https://github.com/karma-runner/karma-sauce-launcher,9,285,1.6,60.0
https://github.com/defunctzombie/node-url,7,703,14.8,519.0
https://github.com/mfncooper/mockery,4,343,2.2,226.0
https://github.com/airbnb/babel-plugin-dynamic-import-node,11,69,5.0,34.0
https://github.com/electron/electron,10,56,3.0,97626.0
https://github.com/expressjs/multer,7,722,1.9,409.0
https://github.com/teambition/merge2,7,161,3.3,78.0
https://github.com/dylang/shortid,9,5,1.9,262.0
https://github.com/tapjs/node-tap,8,16,4.3,2681.0
https://github.com/Raynos/function-bind,6,532,3.0,46.0
https://github.com/lodash/babel-plugin-lodash,9,3,5.2,324.0
https://github.com/reduxjs/react-redux,10,56,2.3,1187.0
https://github.com/esdoc/esdoc,10,232,1.3,2411.0
https://github.com/gaearon/babel-plugin-react-transform,11,23,4.8,254.0
https://github.com/TrySound/rollup-plugin-uglify,9,3,3.0,50.0
https://github.com/babel/eslint-plugin-babel,5,144,2.2,528.0
https://github.com/jscs-dev/grunt-jscs,11,492,1.7,185.0
https://github.com/webpack-contrib/webpack-bundle-analyzer,10,55,2.6,1669.0
https://github.com/ember-cli/ember-cli,9,28,2.5,10685.0
https://github.com/bcaudan/jasmine-spec-reporter,7,2,1.0,95.0
https://github.com/loganfsmyth/babel-plugin-transform-decorators-legacy,11,255,3.8,240.0
https://github.com/twbs/bootstrap,8,28,2.8,22194.0
https://github.com/jsdoc3/jsdoc,10,11,5.2,8624.0
https://github.com/angular/protractor,9,2,2.3,6748.0
https://github.com/Medium/phantomjs,7,241,2.4,510.0
https://github.com/socketio/socket.io,9,15,2.2,2270.0
https://github.com/webpack/webpack-dev-middleware,11,87,6.0,529.0
https://github.com/sindresorhus/pify,11,233,4.7,95.0
https://github.com/wycats/handlebars.js,11,1,1.7,9900.0
https://github.com/winstonjs/winston,9,13,3.2,2245.0
https://github.com/pillarjs/router,5,281,4.1,588.0
https://github.com/gruntjs/grunt-contrib-copy,11,327,3.1,206.0
https://github.com/gruntjs/grunt-contrib-concat,11,455,2.9,441.0
https://github.com/karma-runner/karma-firefox-launcher,11,633,2.5,212.0
https://github.com/BrowserSync/browser-sync,10,76,2.7,10133.0
https://github.com/webpack-contrib/webpack-hot-middleware,9,242,2.7,732.0
https://github.com/stefanpenner/es6-promise,10,157,2.3,727.0
https://github.com/rickharrison/broccoli-asset-rev,6,511,3.2,321.0
https://github.com/nodeca/js-yaml,5,39,5.2,6063.0
https://github.com/aws/aws-sdk-js,9,91,2.8,234747.0
https://github.com/tschaub/gh-pages,7,112,2.2,576.0
https://github.com/spalger/gulp-jshint,10,367,2.9,293.0
https://github.com/mde/ejs,5,75,3.8,856.0
https://github.com/quaertym/ember-cli-dependency-checker,10,35,1.9,448.0
https://github.com/gruntjs/grunt-contrib-jasmine,12,98,2.5,683.0
https://github.com/vojtajina/grunt-coffeelint,4,272,3.5,47.0
https://github.com/broccolijs/broccoli-merge-trees,8,38,5.0,39.0
https://github.com/mattlewis92/karma-coverage-istanbul-reporter,10,1,4.3,265.0
https://github.com/prettier/prettier-eslint,12,33,2.4,1491.0
https://github.com/ritz078/rollup-plugin-filesize,11,33,5.7,88.0
https://github.com/ember-cli/ember-export-application-global,10,33,2.4,116.0
https://github.com/JedWatson/react-select,9,28,2.4,14722.0
https://github.com/babel/ember-cli-babel,11,12,1.1,1553.0
https://github.com/ember-cli/ember-cli-uglify,10,85,1.0,127.0
https://github.com/maxogden/dependency-check,9,80,4.6,316.0
https://github.com/webpack-contrib/html-loader,8,29,3.3,171.0
https://github.com/Automattic/mongoose,9,27,3.6,22264.0
https://github.com/bitinn/node-fetch,9,1,6.6,1120.0
https://github.com/dominictarr/split,4,25,3.7,66.0
https://github.com/felixge/node-formidable,4,736,2.3,1097.0
https://github.com/cloudhead/node-static,4,26,3.2,463.0
https://github.com/pghalliday/grunt-mocha-test,9,17,2.1,220.0
https://github.com/okunishinishi/node-injectmock,7,5,1.0,156.0
https://github.com/tj/co,5,190,2.2,101.0
https://github.com/adamreisnz/replace-in-file,11,255,2.7,1240.0
https://github.com/blakeembrey/co-mocha,8,105,2.2,187.0
https://github.com/avoidwork/filesize.js,12,179,14.2,444.0
https://github.com/Stuk/jszip,10,455,3.2,9803.0
https://github.com/squaremo/amqp.node,6,135,1.9,3606.0
https://github.com/tj/consolidate.js,10,3,2.7,1017.0
https://github.com/slushjs/gulp-install,7,490,3.4,142.0
https://github.com/gaearon/react-transform-hmr,11,165,4.5,58.0
https://github.com/node-serialport/node-serialport,10,34,3.6,6754.0
https://github.com/TrySound/rollup-plugin-eslint,10,15,8.5,54.0
https://github.com/Rowno/grunt-mocha-cli,11,15,8.7,160.0
https://github.com/ape-repo/ape-tmpl,10,5,4.7,365.0
https://github.com/jprichardson/string.js,10,251,2.7,1985.0
https://github.com/eggjs/egg,11,160,5.1,1726.0
https://github.com/sindresorhus/grunt-concurrent,9,44,1.6,167.0
https://github.com/peter-vilja/gulp-clean,4,457,3.3,38.0
https://github.com/ape-repo/ape-updating,6,5,3.2,174.0
https://github.com/reduxjs/redux-thunk,8,31,2.0,49.0
https://github.com/eggjs/egg-mock,9,235,5.5,1175.0
https://github.com/matthew-andrews/isomorphic-fetch,4,116,2.0,17.0
https://github.com/hustxiaoc/gulp-minify,10,391,5.0,118.0
https://github.com/gulp-community/gulp-less,7,164,1.7,54.0
https://github.com/prodatakey/dirty-chai,8,9,1.5,184.0
https://github.com/dominictarr/event-stream,4,413,1.8,270.0
https://github.com/js-cookie/js-cookie,9,40,2.7,305.0
https://github.com/ape-repo/ape-releasing,5,8,6.0,164.0
https://github.com/csstools/postcss-preset-env,9,196,2.2,703.0
https://github.com/jinder/path,1,686,4.8,409.0
https://github.com/gruntjs/grunt-contrib-connect,12,188,3.2,428.0
https://github.com/ape-repo/ape-tasking,10,8,7.0,124.0
https://github.com/rschmukler/gulp-insert,8,54,1.8,97.0
https://github.com/gruntjs/grunt-contrib-coffee,10,184,2.0,359.0
https://github.com/inxilpro/node-app-root-path,10,883,2.8,100.0
https://github.com/airbnb/babel-preset-airbnb,6,249,1.0,67.0
https://github.com/douglasduteil/isparta,11,83,3.3,345.0
https://github.com/ember-cli/ember-cli-jshint,10,111,1.3,115.0
https://github.com/sindresorhus/escape-string-regexp,9,1659,2.0,8.0
https://github.com/embersherpa/ember-cli-app-version,10,35,4.1,233.0
https://github.com/auth0/node-jsonwebtoken,9,136,6.2,435.0
https://github.com/jonschlinkert/gulp-htmlmin,9,11,2.7,49.0
https://github.com/isaacs/once,9,310,1.4,38.0
https://github.com/expressjs/cors,9,162,3.5,205.0
https://github.com/apollostack/graphql-tag,6,11,3.3,309.0
https://github.com/nodeca/argparse,9,112,2.9,2262.0
https://github.com/expressjs/session,9,1,3.0,612.0
https://github.com/chrisdickinson/raf,5,106,2.0,69.0
https://github.com/samverschueren/uppercamelcase,9,630,1.0,6.0
https://github.com/bower/bower,8,3,2.2,9909.0
https://github.com/mhevery/jasmine-node,4,219,1.7,3517.0
https://github.com/sindresorhus/time-grunt,10,1426,1.9,181.0
https://github.com/lo1tuma/eslint-plugin-mocha,9,267,2.7,1208.0
https://github.com/raszi/node-tmp,5,130,5.0,434.0
https://github.com/facebook/regenerator,6,87,3.6,76382.0
https://github.com/lytics/ember-cli-release,8,12,1.9,728.0
https://github.com/emberjs/data,11,157,3.3,194512.0
https://github.com/luisrudge/postcss-flexbugs-fixes,10,1026,1.5,251.0
https://github.com/tracker1/gulp-header,10,235,5.2,69.0
https://github.com/epeli/underscore.string,7,102,2.3,1919.0
https://github.com/bestiejs/benchmark.js,8,608,3.6,2796.0
https://github.com/expressjs/compression,9,35,3.2,161.0
https://github.com/sindresorhus/execa,9,36,4.3,395.0
https://github.com/danethurber/webpack-manifest-plugin,11,1,1.2,1393.0
https://github.com/graphql/graphql-js,8,5,3.2,46527.0
https://github.com/brianc/node-postgres,6,429,2.7,2047.0
https://github.com/ember-cli/ember-welcome-page,10,148,1.4,265.0
https://github.com/nodesecurity/nsp,8,14,4.0,749.0
https://github.com/Automattic/node-canvas,8,147,3.0,7974.0
https://github.com/dominictarr/through,2,413,2.4,77.0
https://github.com/Reactive-Extensions/RxJS,10,40,1.9,107946.0
https://github.com/coolme200/webstorm-disable-index,10,512,2.5,196.0
https://github.com/AvianFlu/ncp,3,219,2.4,231.0
https://github.com/marcello3d/polyfill.js,2,1562,3.9,442.0
https://github.com/JacksonGariety/gulp-nodemon,9,45,2.1,130.0
https://github.com/ember-cli/ember-cli-eslint,10,107,1.3,453.0
https://github.com/kevinbeaty/fs-promise,4,206,1.0,68.0
https://github.com/QingWei-Li/vue-markdown-loader,9,36,3.2,192.0
https://github.com/nodejs/nan,5,180,2.3,8810.0
https://github.com/scniro/gulp-clean-css,10,129,9.0,307.0
https://github.com/aseemk/requireDir,4,1678,30.0,87.0
https://github.com/npm/npmlog,9,106,2.7,286.0
https://github.com/adamwdraper/Numeral-js,11,189,2.9,4396.0
https://github.com/defunctzombie/zuul,11,270,2.3,11538.0
https://github.com/inikulin/parse5,8,53,4.0,7576.0
https://github.com/sidorares/node-mysql2,8,267,2.8,63522.0
https://github.com/rollup/rollup-plugin-json,8,482,4.0,32.0
https://github.com/hughsk/vinyl-buffer,3,1253,1.8,20.0
https://github.com/sindresorhus/gulp-zip,9,15,2.0,69.0
https://github.com/mobxjs/mobx-react,12,1,3.4,1030.0
https://github.com/typings/typings,6,29,1.0,73.0
https://github.com/pocesar/grunt-mocha-istanbul,11,257,2.8,365.0
https://github.com/substack/json-stable-stringify,1,837,3.5,91.0
https://github.com/arnaudbenard/redux-mock-store,9,8,3.3,106.0
https://github.com/bublejs/buble,6,17,4.7,4206.0
https://github.com/mikeal/watch,1,452,4.4,205.0
https://github.com/nuysoft/Mock,10,3,3.3,14256.0
https://github.com/feross/safe-buffer,7,67,2.2,51.0
https://github.com/yahoo/react-intl,10,60,4.0,1968.0
https://github.com/jnordberg/coffeeify,9,421,2.5,98.0
https://github.com/webpack-contrib/coffee-loader,11,388,8.0,38.0
https://github.com/vkadam/grunt-jsbeautifier,11,151,2.2,269.0
https://github.com/nfl/react-helmet,10,61,1.5,949.0
https://github.com/npm/validate-npm-package-name,10,1124,5.8,78.0
https://github.com/commissure/redbox-react,10,60,1.8,460.0
https://github.com/tjunnone/npm-check-updates,9,12,4.2,1090.0
https://github.com/dominictarr/map-stream,4,40,2.5,115.0
https://github.com/isaacs/json-stringify-safe,6,752,2.8,22.0
https://github.com/jfromaniello/url-join,9,318,3.4,44.0
https://github.com/visionmedia/nib,7,1193,2.1,178.0
https://github.com/mscdex/ssh2,2,334,3.5,3629.0
https://github.com/domenic/opener,6,533,5.0,53.0
https://github.com/image-size/image-size,9,14,1.8,975.0
https://github.com/robrich/gulp-rimraf,4,89,4.0,38.0
https://github.com/shinnn/gulp-gh-pages,9,280,4.1,178.0
https://github.com/rafeca/prettyjson,5,657,5.1,191.0
https://github.com/monounity/karma-typescript,11,345,1.0,244.0
https://github.com/dreamerslab/node.inflection,4,746,3.1,614.0
https://github.com/firstandthird/load-grunt-config,8,48,4.3,174.0
https://github.com/dcodeIO/protobuf.js,10,132,3.3,17921.0
https://github.com/Level/levelup,10,52,2.4,313.0
https://github.com/nfroidure/gulp-streamify,5,1337,1.7,69.0
https://github.com/react-dnd/react-dnd,10,1,5.0,424.0
https://github.com/expressjs/errorhandler,6,120,4.0,97.0
https://github.com/Microsoft/tslint-microsoft-contrib,8,139,2.4,543.0
https://github.com/caitp/karma-coveralls,11,213,2.9,126.0
https://github.com/component/escape-html,9,104,4.0,76.0
https://github.com/pillarjs/send,6,117,3.8,586.0
https://github.com/remarkjs/remark,10,118,7.6,4784.0
https://github.com/kentcdodds/react-testing-library,10,2,1.3,1211.0
https://github.com/svg/svgo,5,80,4.5,7960.0
https://github.com/pksunkara/inflect,1,1024,2.0,370.0
https://github.com/reactjs/react-docgen,9,8,3.7,11159.0
https://github.com/evilstreak/markdown-js,4,73,4.0,1441.0
https://github.com/mlucool/gulp-jsdoc3,12,59,1.8,151.0
https://github.com/redux-utilities/redux-actions,8,5,3.3,436.0
https://github.com/jshttp/http-errors,6,93,4.1,177.0
https://github.com/chartjs/Chart.js,8,14,3.3,10011.0
https://github.com/selaux/eslint-plugin-filenames,5,657,2.9,202.0
https://github.com/kristerkari/stylelint-scss,10,7,5.7,19562.0
https://github.com/karma-runner/karma-coverage,10,28,2.2,494.0
https://github.com/klughammer/node-randomstring,3,789,3.6,99.0
https://github.com/bgrins/TinyColor,7,54,5.3,7687.0
https://github.com/webpack-contrib/script-loader,9,91,3.2,38.0
https://github.com/webpack-contrib/karma-webpack,10,23,3.6,409.0
https://github.com/node-modules/detect-port,10,169,4.7,98.0
https://github.com/gulpjs/gulp-cli,8,7,2.4,1249.0
https://github.com/isaacs/sax-js,9,609,4.7,1512.0
https://github.com/ape-repo/ape-reporting,6,5,3.3,118.0
https://github.com/sindresorhus/ora,9,271,1.0,215.0
https://github.com/styled-components/babel-plugin-styled-components,10,114,2.5,585.0
https://github.com/gruntjs/grunt-contrib-uglify,10,276,3.0,703.0
https://github.com/storybooks/storybook-package,8,51,3.7,1057.0
https://github.com/kelektiv/node-uuid,11,11,3.7,432.0
https://github.com/59naga/babel-plugin-add-module-exports,9,47,4.0,137.0
https://github.com/sindresorhus/gulp-mocha,9,232,2.2,86.0
https://github.com/gulp-sourcemaps/gulp-sourcemaps,10,16,2.2,475.0
https://github.com/cheeriojs/cheerio,5,12,2.6,1820.0
https://github.com/prettier/eslint-config-prettier,10,5,5.2,490.0
https://github.com/kulshekhar/ts-jest,10,9,2.9,501.0
https://github.com/reduxjs/redux,11,5,3.2,5991.0
https://github.com/babel/gulp-babel,10,11,3.8,73.0
https://github.com/mysticatea/npm-run-all,9,27,5.4,999.0
https://github.com/visionmedia/supertest,9,23,1.6,54.0
https://github.com/kriskowal/q,9,23,1.4,6614.0
https://github.com/contra/gulp-concat,10,337,7.0,69.0
https://github.com/prettier/eslint-plugin-prettier,7,58,1.0,190.0
https://github.com/yeoman/generator,9,25,3.9,1072.0
https://github.com/caolan/forms,6,517,2.6,1616.0
https://github.com/vuejs/vue-style-loader,12,29,3.6,375.0
https://github.com/JedWatson/classnames,7,352,2.5,279.0
https://github.com/mgechev/codelyzer,9,1,3.1,6355.0
https://github.com/observing/pre-commit,4,306,3.2,265.0
https://github.com/domenic/chai-as-promised,8,235,2.6,270.0
https://github.com/codecov/codecov-node,10,2,3.1,866.0
https://github.com/adametry/gulp-eslint,10,38,2.4,515.0
https://github.com/jshttp/methods,6,118,1.3,38.0
https://github.com/babel/babelify,8,86,4.0,125.0
https://github.com/karma-runner/karma-phantomjs-launcher,11,159,1.9,185.0
https://github.com/gruntjs/grunt-cli,9,448,1.4,68.0
https://github.com/webpack-contrib/copy-webpack-plugin,9,6,12.8,535.0
https://github.com/OverZealous/run-sequence,12,180,2.9,115.0
https://github.com/webpack-contrib/less-loader,9,2,2.8,242.0
https://github.com/TypeStrong/ts-loader,8,28,1.2,457.0
https://github.com/hapijs/hapi,6,126,4.9,4164.0
https://github.com/motdotla/dotenv,10,207,3.1,524.0
https://github.com/sindresorhus/jshint-stylish,10,302,3.8,62.0
https://github.com/LearnBoost/expect.js,7,1646,6.1,7213.0
https://github.com/remy/nodemon,8,69,3.7,2092.0
https://github.com/webpack/json-loader,11,20,3.0,8.0
https://github.com/floatdrop/gulp-plumber,10,608,2.7,87.0
https://github.com/gruntjs/grunt-contrib-nodeunit,8,327,2.2,281.0
https://github.com/expressjs/serve-static,6,117,3.1,113.0
https://github.com/mikaelbr/gulp-notify,12,42,2.2,441.0
https://github.com/shama/stylus-loader,9,36,2.5,761.0
https://github.com/webpack-contrib/istanbul-instrumenter-loader,9,235,3.0,21.0
https://github.com/chriso/validator.js,9,3,4.7,5676.0
https://github.com/karma-runner/grunt-karma,9,28,2.8,265.0
https://github.com/jsdoc2md/jsdoc-to-markdown,8,246,1.1,387.0
https://github.com/postcss/gulp-postcss,8,15,2.4,115.0
https://github.com/nikku/karma-browserify,10,2,1.8,333.0
https://github.com/power-assert-js/power-assert,10,133,3.9,13838.0
https://github.com/dlmanning/gulp-sass,10,165,1.0,101.0
https://github.com/nodemailer/nodemailer,10,101,30.2,10029.0
https://github.com/ezolenko/rollup-plugin-typescript2,10,41,3.2,23315.0
https://github.com/sindresorhus/object-assign,11,392,1.8,124.0
https://github.com/geddski/grunt-release,11,732,2.9,427.0
https://github.com/gruntjs/grunt-contrib-cssmin,12,880,2.0,164.0
https://github.com/postcss/postcss-url,7,43,4.9,463.0
https://github.com/vojtajina/grunt-bump,11,133,3.6,241.0
https://github.com/jhnns/rewire,6,229,2.5,299.0
https://github.com/webpack-contrib/exports-loader,11,670,8.0,78.0
https://github.com/hapijs/lab,5,237,5.1,2850.0
https://github.com/gulpjs/vinyl,10,158,2.6,292.0
https://github.com/egoist/rollup-plugin-postcss,10,3,2.7,545.0
https://github.com/epoberezkin/ajv,8,36,1.6,8536.0
https://github.com/cloudhead/vows,9,240,1.9,550.0
https://github.com/jmreidy/grunt-browserify,9,271,4.1,45282.0
https://github.com/estools/escodegen,10,253,5.3,4666.0
https://github.com/tkellen/js-matchdep,11,236,2.2,63.0
https://github.com/d3/d3,6,32,1.2,89.0
https://github.com/alexmingoia/koa-router,10,387,2.8,415.0
https://github.com/nodejs/readable-stream,9,39,3.0,2648.0
https://github.com/zertosh/invariant,6,397,3.0,55.0
https://github.com/ethereum/web3.js,12,12,4.0,22891.0
https://github.com/reactjs/react-router-redux,11,6,2.5,513.0
https://github.com/trentm/node-bunyan,10,645,3.2,2033.0
https://github.com/75lb/command-line-args,5,418,2.8,631.0
https://github.com/BerkeleyTrue/warning,11,157,2.6,89.0
https://github.com/tleunen/babel-plugin-module-resolver,8,3,2.4,357.0
https://github.com/jergason/recursive-readdir,3,21,2.5,82.0
https://github.com/jaredhanson/passport,3,350,3.7,499.0
https://github.com/hubotio/hubot,11,143,2.0,1543.0
https://github.com/johnpapa/lite-server,8,927,3.8,77.0
https://github.com/isaacs/ini,9,940,4.7,164.0
https://github.com/sindresorhus/gulp-size,10,347,3.0,68.0
https://github.com/lerna/lerna,10,9,2.5,20860.0
https://github.com/firebase/firebase-js-sdk,11,17,1.8,16105.0
https://github.com/vuejs/vue-html-loader,7,255,2.9,120.0
https://github.com/restify/node-restify,9,12,2.6,5663.0
https://github.com/markdown-it/markdown-it,7,608,4.9,8567.0
https://github.com/tgriesser/knex,8,264,2.3,11624.0
https://github.com/babel/grunt-babel,11,7,2.0,87.0
https://github.com/luin/ioredis,8,51,3.1,1077.0
https://github.com/rizowski/eslint-watch,8,3,3.9,410.0
https://github.com/kpdecker/jsdiff,10,61,4.5,1341.0
https://github.com/markdalgleish/gulp-coveralls,10,1847,1.6,51.0
https://github.com/koajs/bodyparser,4,322,3.5,89.0
https://github.com/TheLarkInn/angular2-template-loader,5,324,2.0,38.0
https://github.com/eddyerburgh/vue-jest,12,2,4.7,645.0
https://github.com/sindresorhus/gulp-changed,9,20,3.5,65.0
https://github.com/segmentio/metalsmith,8,74,2.0,277.0
https://github.com/eggjs/egg-bin,9,7,2.0,432.0
https://github.com/gruntjs/grunt-contrib-qunit,9,71,1.9,509.0
https://github.com/yaymukund/grunt-simple-mocha,7,1139,1.0,63.0
https://github.com/thlorenz/browserify-shim,7,158,2.0,433.0
https://github.com/tschaub/mock-fs,7,95,2.3,1683.0
https://github.com/mysticatea/cpx,8,88,5.2,1031.0
https://github.com/qunitjs/qunit,8,1,4.0,3904.0
https://github.com/krampstudio/grunt-jsdoc,12,144,4.3,202.0
https://github.com/reduxjs/reselect,9,68,2.1,85.0
https://github.com/jeremyfa/yaml.js,4,93,5.2,6756.0
https://github.com/dominictarr/JSONStream,3,453,4.7,217.0
https://github.com/mattdesl/budo,9,7,3.0,1395.0
https://github.com/npm/nopt,10,1161,5.8,410.0
https://github.com/teambition/gulp-sequence,10,89,2.1,62.0
https://github.com/sindresorhus/gulp-jasmine,9,623,5.5,124.0
https://github.com/clessg/progress-bar-webpack-plugin,2,209,6.0,65.0
https://github.com/steveukx/git-js,9,43,2.3,1501.0
https://github.com/azeemba/eslint-plugin-json,6,263,2.2,111.0
https://github.com/developit/microbundle,9,13,7.9,691.0
https://github.com/benjamn/install,3,73,2.8,313.0
https://github.com/acdlite/recompose,9,60,3.8,3278.0
https://github.com/ben-eb/gulp-cssnano,5,592,2.8,45.0
https://github.com/floor/material,9,37,4.9,3901.0
https://github.com/fb55/htmlparser2,5,503,3.9,1401.0
https://github.com/webpack/memory-fs,5,657,3.0,396.0
https://github.com/calvinmetcalf/copyfiles,5,54,2.0,161.0
https://github.com/zeit/ms,6,564,14.2,111.0
https://github.com/webpack-contrib/expose-loader,11,130,2.3,69.0
https://github.com/hughsk/envify,5,160,4.2,78.0
https://github.com/hammerjs/hammer.js,11,722,3.0,3876.0
https://github.com/babel/babylon,10,5,2.8,11169.0
https://github.com/expressjs/method-override,6,120,3.0,64.0
https://github.com/eggjs/egg-ci,9,511,1.5,134.0
https://github.com/tildeio/rsvp.js,10,157,2.4,1152.0
https://github.com/postcss/postcss-nested,10,25,1.7,300.0
https://github.com/bholloway/resolve-url-loader,7,110,3.4,551.0
https://github.com/hughsk/uglifyify,8,226,3.9,110.0
https://github.com/aheckmann/gm,3,298,2.0,2242.0
https://github.com/Swatinem/rollup-plugin-url,7,4,3.2,120.0
https://github.com/mqttjs/MQTT.js,12,84,3.0,1969.0
https://github.com/babel/karma-babel-preprocessor,9,87,1.9,83.0
https://github.com/stevelacy/gulp-git,4,334,3.5,921.0
https://github.com/prettier/prettier-eslint-cli,12,65,2.2,1184.0
https://github.com/deepsweet/isparta-loader,6,35,3.0,14.0
https://github.com/gruntjs/grunt-contrib-less,10,213,2.3,435.0
https://github.com/panuhorsmalahti/gulp-tslint,10,16,3.8,171.0
https://github.com/gulpjs/vinyl-fs,10,228,2.5,1039.0
https://github.com/jashkenas/backbone,11,186,3.0,1797.0
https://github.com/jscs-dev/gulp-jscs,10,234,3.6,120.0
https://github.com/flatiron/nconf,8,501,3.1,959.0
https://github.com/alex-seville/blanket,9,412,4.1,15820.0
https://github.com/awslabs/aws-cdk,11,111,2.7,1091.0
https://github.com/theaqua/redux-logger,9,20,7.6,480.0
https://github.com/patorjk/figlet.js,10,1148,6.3,791.0
https://github.com/defunctzombie/node-util,10,627,3.1,530.0
https://github.com/mafintosh/pump,1,51,2.7,64.0
https://github.com/form-data/form-data,5,501,3.8,291.0
https://github.com/rwjblue/ember-source-channel-url,5,107,2.0,43.0
https://github.com/es-shims/es5-shim,7,270,4.7,1906.0
https://github.com/LeaVerou/prism,9,109,3.6,12590.0
https://github.com/Gozala/events,10,669,3.6,333.0
https://github.com/normalize/mz,4,467,1.8,156.0
https://github.com/angular/tsickle,5,61,2.9,271.0
https://github.com/karma-runner/karma-ie-launcher,11,393,1.4,149.0
https://github.com/node-modules/autod,10,255,5.0,511.0
https://github.com/passy/autoprefixer-loader,11,10,3.5,77.0
https://github.com/npm/node-tar,8,95,3.6,9862.0
https://github.com/deepak1556/gulp-browserify,8,371,2.8,2913.0
https://github.com/jonschlinkert/gulp-format-md,5,504,1.0,73.0
https://github.com/isaacs/node-which,10,105,6.1,108.0
https://github.com/tcoopman/image-webpack-loader,11,148,14.0,72.0
https://github.com/petehunt/jsx-loader,5,1245,4.0,24.0
https://github.com/hapijs/boom,6,209,5.0,302.0
https://github.com/SitePen/remap-istanbul,10,37,4.0,842.0
https://github.com/sindresorhus/gulp-template,10,256,3.0,26.0
https://github.com/estools/estraverse,10,6,3.7,631.0
https://github.com/shelljs/shx,11,41,4.6,289.0
https://github.com/docstrap/docstrap,8,760,3.9,3836.0
https://github.com/mozilla/nunjucks,9,7,3.7,16858.0
https://github.com/chaijs/chai-http,10,206,3.8,3831.0
https://github.com/reworkcss/css,3,547,2.2,756.0
https://github.com/json5/json5,9,17,5.3,1283.0
https://github.com/standard-things/esm,11,7,4.0,17650.0
https://github.com/pegjs/pegjs,10,14,3.9,7414.0
https://github.com/stevelacy/gulp-stylus,7,293,2.0,96.0
https://github.com/gruntjs/grunt-contrib-compress,11,168,2.4,486.0
https://github.com/EvanOxfeld/node-unzip,4,127,2.1,334.0
https://github.com/zilverline/react-tap-event-plugin,5,1167,2.7,406.0
https://github.com/unclechu/node-deep-extend,3,506,4.2,83.0
https://github.com/cibernox/ember-disable-proxy-controllers,10,2,1.0,153.0
https://github.com/webpack/null-loader,11,130,1.0,47.0
https://github.com/gruntjs/grunt-contrib-sass,12,102,2.3,205.0
https://github.com/nodejs/node-gyp,5,89,3.5,21861.0
https://github.com/pull-stream/pull-stream,3,80,2.1,572.0
https://github.com/karma-runner/karma-requirejs,11,159,2.4,80.0
https://github.com/alexei/sprintf.js,10,160,4.7,309.0
https://github.com/helmetjs/helmet,9,230,3.0,60.0
https://github.com/Qard/onchange,8,168,3.8,203.0
https://github.com/simplabs/qunit-dom,10,4,1.0,92.0
https://github.com/calvinmetcalf/rollup-plugin-node-builtins,9,39,4.5,8921.0
https://github.com/paularmstrong/swig,6,35,2.9,2528.0
https://github.com/broccolijs/broccoli-funnel,6,514,4.2,460.0
https://github.com/tschaub/grunt-newer,10,495,1.8,373.0
https://github.com/ALMaclaine/replace,5,1160,4.3,347.0
https://github.com/contra/gulp-cached,4,1220,5.0,37.0
https://github.com/ElementUI/babel-plugin-component,8,7,14.2,235.0
https://github.com/elastic/elasticsearch-js,8,2,8.9,24798.0
https://github.com/markdown-it/markdown-it-container,7,901,4.5,180.0
https://github.com/intellicode/eslint-plugin-react-native,6,142,4.1,1176.0
https://github.com/facebook/fbjs,5,5,2.2,9622.0
https://github.com/rollup/rollup-plugin-typescript,8,28,6.7,184.0
https://github.com/wheresrhys/fetch-mock,11,236,2.5,1845.0
https://github.com/gulpjs/plugin-error,10,19,2.7,120.0
https://github.com/Unitech/pm2,8,1,3.0,14743.0
https://github.com/calvinmetcalf/rollup-plugin-node-globals,10,361,6.9,242.0
https://github.com/Kagami/gulp-ng-annotate,7,486,4.5,65.0
https://github.com/Leaflet/Leaflet,10,158,1.8,16663.0
https://github.com/eslint/typescript-eslint-parser,12,297,3.0,706.0
https://github.com/armed/gulp-flatten,10,499,3.8,71.0
https://github.com/machty/ember-maybe-import-regenerator,10,364,2.8,110.0
https://github.com/oliver-moran/jimp,10,3,3.5,4970.0
https://github.com/yiminghe/async-validator,12,138,5.7,2297.0
https://github.com/btford/grunt-conventional-changelog,11,148,1.5,284.0
https://github.com/frostney/rollup-plugin-alias,11,528,11.0,86.0
https://github.com/eslint/eslint-plugin-markdown,8,297,2.4,189.0
https://github.com/facebook/draft-js,10,59,3.6,23777.0
https://github.com/FormidableLabs/webpack-dashboard,9,29,2.0,1035.0
https://github.com/adaltas/node-csv,3,82,1.2,103.0
https://github.com/substack/js-traverse,1,1055,2.2,339.0
https://github.com/harthur/nomnom,9,54,3.0,472.0
https://github.com/patrick-steele-idem/child-process-promise,11,64,2.5,171.0
https://github.com/louischatriot/nedb,2,420,2.5,8564.0
https://github.com/kimmobrunfeldt/chokidar-cli,8,262,1.8,233.0
https://github.com/yuanchuan/node-watch,3,142,1.8,524.0
https://github.com/cucumber/cucumber-js,9,16,2.8,51465.0
https://github.com/producthunt/chai-enzyme,11,39,1.6,715.0
https://github.com/sindresorhus/get-port,9,14,2.0,55.0
https://github.com/ndmitry/grunt-autoprefixer,11,197,2.6,249.0
https://github.com/darkguy2008/parallelshell,4,180,4.5,119.0
https://github.com/marcules/karma-remap-istanbul,11,112,2.5,120.0
https://github.com/spion/blue-tape,7,49,1.9,47.0
https://github.com/debitoor/chai-subset,6,571,2.9,85.0
https://github.com/avajs/eslint-plugin-ava,9,14,2.2,1632.0
https://github.com/indutny/elliptic,10,36,3.6,10517.0
https://github.com/gulpjs/fancy-log,6,128,1.4,72.0
https://github.com/michaelleeallen/mocha-junit-reporter,5,2,3.6,267.0
https://github.com/fishbar/jscoverage,7,153,3.6,1166.0
https://gitlab.com/philbooth/bfj,6,54,2.4,1459.0
https://github.com/testem/testem,7,27,4.4,30796.0
https://github.com/christkv/node-git,9,1862,2.4,5709.0
https://github.com/webdriverio/webdriverio,10,8,3.5,10475.0
https://github.com/visionmedia/connect-redis,5,293,2.4,236.0
https://github.com/sindresorhus/gulp-rev,11,11,3.8,122.0
https://github.com/arcanis/pnp-webpack-plugin,12,50,3.1,159.0
https://github.com/shootaroo/jit-grunt,11,249,2.5,249.0
https://github.com/sindresorhus/vinyl-paths,9,1599,1.7,16.0
https://github.com/substack/testling,5,23,2.5,413.0
https://github.com/styled-components/polished,9,37,3.2,21970.0
https://github.com/zenorocha/clipboard.js,11,27,2.6,791.0
https://github.com/NativeScript/NativeScript,11,183,3.1,12421.0
https://github.com/wdavidw/node-csv-parse,9,26,5.1,2184.0
https://github.com/niksy/throttle-debounce,9,11,2.4,144.0
https://github.com/thlorenz/exorcist,5,26,3.2,123.0
https://github.com/miickel/gulp-angular-templatecache,7,43,6.2,103.0
https://github.com/shama/gaze,10,33,3.2,530.0
https://github.com/juliangruber/tape-run,12,593,1.7,74.0
https://github.com/karma-runner/karma-html2js-preprocessor,8,122,1.6,63.0
https://github.com/andreypopp/reactify,5,712,2.6,50.0
https://github.com/M-Zuber/npm-watch,9,496,3.4,158.0
https://github.com/unexpectedjs/unexpected,11,1,5.2,7224.0
https://github.com/sindresorhus/find-up,9,15,3.0,36.0
https://github.com/pagekit/vue-resource,11,1,2.4,4334.0
https://github.com/webpack-contrib/grunt-webpack,10,2,8.2,440.0
https://github.com/webpack/webpack-sources,7,544,2.2,709.0
https://github.com/jest-community/jest-junit,11,50,3.0,468.0
https://github.com/andyearnshaw/Intl.js,10,37,5.9,8572.0
https://github.com/js-cli/js-liftoff,8,215,3.3,330.0
https://github.com/ljharb/object.assign,5,251,5.6,139.0
https://github.com/TypeStrong/tsify,11,25,2.1,662.0
https://github.com/sshev/karma-remap-coverage,9,669,4.0,36.0
https://github.com/devongovett/browserify-istanbul,9,662,2.1,48.0
https://github.com/jsoverson/grunt-env,5,1374,1.9,308.0
https://github.com/taptapship/wiredep,7,151,2.4,548.0
https://github.com/isaacs/read,6,1034,3.7,106.0
https://github.com/TypeStrong/grunt-ts,12,64,3.6,55453.0
https://github.com/reduxjs/redux-devtools,10,9,3.4,16988.0
https://github.com/slushjs/gulp-conflict,4,1097,2.9,199.0
https://github.com/koajs/compose,12,34,3.3,46.0
https://github.com/ember-template-lint/ember-cli-template-lint,10,1,1.9,726.0
https://github.com/schickling/gulp-webserver,8,6,3.5,177.0
https://github.com/discordjs/discord.js,9,5,2.6,9008.0
https://github.com/mariocasciaro/object-path,5,657,3.3,289.0
https://github.com/substack/text-table,4,298,2.6,108.0
https://github.com/toastynerd/webpack_env,12,605,4.0,16.0
https://github.com/hughsk/vinyl-source-stream,6,373,2.3,26.0
https://github.com/geowarin/friendly-errors-webpack-plugin,11,85,2.2,567.0
https://github.com/websockets/ws,7,297,3.2,2477.0
https://github.com/mongodb/node-mongodb-native,9,11,3.8,20127.0
https://github.com/ember-cli/ember-cli-qunit,10,128,1.0,69.0
https://github.com/istanbuljs/babel-plugin-istanbul,9,3,2.7,111.0
https://github.com/markedjs/marked,7,1,6.3,1912.0
https://github.com/then/promise,7,165,2.2,648.0
https://github.com/gaearon/react-hot-loader,11,59,4.2,4917.0
https://github.com/webpack-contrib/raw-loader,9,2,2.0,21.0
https://github.com/ember-cli/ember-disable-prototype-extensions,10,36,1.0,122.0
https://github.com/johnagan/clean-webpack-plugin,9,19,3.0,249.0
https://github.com/substack/node-optimist,4,4,2.3,425.0
https://github.com/request/request-promise,10,224,1.0,133.0
https://github.com/karma-runner/karma-cli,9,28,1.2,49.0
https://github.com/ember-cli/ember-cli-htmlbars-inline-precompile,10,24,1.0,458.0
https://github.com/mlex/karma-spec-reporter,5,657,3.7,126.0
https://github.com/NodeRedis/node_redis,8,121,3.2,2769.0
https://github.com/substack/watchify,8,461,1.8,219.0
https://github.com/SBoudrias/gulp-istanbul,10,124,2.5,146.0
https://github.com/koajs/koa,8,32,15.0,711.0
https://github.com/Leonidas-from-XIV/node-xml2js,7,395,3.4,582.0
https://github.com/rbuckton/reflect-metadata,10,45,2.6,1451.0
https://github.com/expressjs/morgan,6,393,2.7,227.0
https://github.com/scottcorgan/tap-spec,5,216,1.8,137.0
https://github.com/jonathanKingston/ember-cli-sri,10,69,4.0,80.0
https://github.com/moxystudio/node-cross-spawn,11,232,3.5,227.0
https://github.com/BenoitZugmeyer/eslint-plugin-html,10,13,5.3,1752.0
https://github.com/royriojas/eslint-friendly-formatter,8,11,3.2,214.0
https://github.com/litixsoft/karma-mocha-reporter,10,48,1.9,1070.0
https://github.com/vuejs/eslint-plugin-vue,10,58,4.9,7744.0
https://github.com/ramda/ramda,8,24,2.1,8050.0
https://github.com/postcss/postcss-import,9,159,6.2,412.0
https://github.com/jackfranklin/gulp-load-plugins,6,289,3.1,140.0
https://github.com/jadejs/jade,10,42,4.4,4062.0
https://github.com/pugjs/pug,10,42,4.4,4062.0
https://github.com/ember-cli/ember-resolver,10,36,2.9,921.0
https://github.com/stringparser/runtime,4,56,2.9,206.0
https://github.com/ember-cli/ember-load-initializers,10,149,2.1,197.0
https://github.com/ember-cli/loader.js,8,29,2.0,35469.0
https://github.com/kimmobrunfeldt/concurrently,11,57,2.0,1808.0
https://github.com/github/fetch,9,27,2.5,445.0
https://github.com/angular/jasminewd,7,251,1.3,715.0
https://github.com/TypeStrong/TypeDoc,9,43,3.7,188.0
https://github.com/justmoon/node-extend,6,207,7.8,84.0
https://github.com/ivogabe/gulp-typescript,10,106,2.7,1306.0
https://github.com/mysqljs/mysql,5,178,2.5,7196.0
https://github.com/indexzero/http-server,11,50,3.1,107.0
https://github.com/flatiron/prompt,5,695,3.4,743.0
https://github.com/isaacs/minimatch,10,127,5.7,568.0
https://github.com/highlightjs/highlight.js,9,132,2.4,21110.0
https://github.com/broofa/node-mime,9,31,3.0,133.0
https://github.com/vuejs/babel-plugin-transform-vue-jsx,10,4,4.2,342.0
https://github.com/liady/webpack-node-externals,11,622,2.7,107.0
https://github.com/lazd/gulp-replace,3,357,3.6,75.0
https://github.com/rollup/rollup-plugin-replace,9,224,2.5,78.0
https://github.com/ljharb/qs,7,132,6.4,1229.0
https://github.com/webpack/loader-utils,12,401,6.6,383.0
https://github.com/broofa/node-uuid,4,729,5.8,117.0
https://github.com/Automattic/socket.io-client,10,32,3.2,7704.0
https://github.com/chimurai/http-proxy-middleware,11,7,2.8,578.0
https://github.com/mikaelbr/node-notifier,10,476,3.7,958.0
https://github.com/webpack-contrib/extract-text-webpack-plugin,9,7,3.9,528.0
https://github.com/bripkens/connect-history-api-fallback,11,153,4.3,168.0
https://github.com/webpack-contrib/source-map-loader,11,388,2.4,101.0
https://github.com/jscs-dev/node-jscs,8,339,2.5,11751.0
https://github.com/webpack-contrib/mini-css-extract-plugin,11,27,8.0,671.0
https://github.com/floatdrop/gulp-watch,9,503,2.1,135.0
https://github.com/defunctzombie/commonjs-assert,12,382,4.5,318.0
https://github.com/indexzero/node-portfinder,3,54,2.7,249.0
https://github.com/yeoman/yeoman-test,8,284,1.6,314.0
https://github.com/robrich/gulp-if,7,131,3.0,16.0
https://github.com/bigeasy/register,4,121,1.2,717.0
https://github.com/amvtek/EventSource,9,863,1.9,3928.0
https://github.com/avajs/ava,10,1,4.6,5372.0
https://github.com/standard/eslint-plugin-standard,7,159,3.4,372.0
https://github.com/xjamundx/eslint-plugin-promise,11,92,4.7,1842.0
https://github.com/reactivex/rxjs,9,60,1.4,11314.0
https://github.com/hparra/gulp-rename,10,435,5.7,44.0
https://github.com/karma-runner/karma-jasmine,8,122,2.6,411.0
https://github.com/jashkenas/coffeescript,9,12,4.7,12490.0
https://github.com/yargs/yargs,9,258,4.4,2614.0
https://github.com/webpack-contrib/sass-loader,9,19,4.5,289.0
https://github.com/isaacs/node-glob,10,172,5.4,1107.0
https://github.com/postcss/autoprefixer,9,9,5.3,5490.0
https://github.com/mysticatea/eslint-plugin-node,8,76,4.0,4919.0
https://github.com/gulpjs/gulp-util,5,309,2.2,188.0
